<?xml version="1.0"?>
<root xmlns="urn:schemas-upnp-org:device-1-0">
  <specVersion>
    <major>1</major>
    <minor>0</minor>
  </specVersion>
  <device>
    <deviceType>urn:schemas-upnp-org:device:MediaRenderer:1</deviceType>
    <friendlyName>@FRIENDLYNAME@</friendlyName>
    <manufacturer>JF Light Industries</manufacturer>
    <manufacturerURL>http://www.github.com/medoc92/upmpd</manufacturerURL>
    <modelDescription>UPnP front-end to MPD</modelDescription>
    <modelName>UpMPD</modelName>
    <modelNumber>1.0</modelNumber>
    <modelURL>http://www.github.com/medoc92/upmpd</modelURL>
    <serialNumber>72</serialNumber>
    <UDN>uuid:@UUID@</UDN>
    <serviceList>
      <service>
        <serviceType>urn:schemas-upnp-org:service:RenderingControl:1</serviceType>
        <serviceId>urn:upnp-org:serviceId:RenderingControl</serviceId>
        <SCPDURL>/RenderingControl.xml</SCPDURL>
        <controlURL>/ctl/RenderingControl</controlURL>
        <eventSubURL>/evt/RenderingControl</eventSubURL>
      </service>
      <service>
        <serviceType>urn:schemas-upnp-org:service:AVTransport:1</serviceType>
        <serviceId>urn:upnp-org:serviceId:AVTransport</serviceId>
        <SCPDURL>/AVTransport.xml</SCPDURL>
        <controlURL>/ctl/AVTransport</controlURL>
        <eventSubURL>/evt/AVTransport</eventSubURL>
      </service>
      <service>
        <serviceType>urn:schemas-upnp-org:service:ConnectionManager:1</serviceType>
        <serviceId>urn:upnp-org:serviceId:ConnectionManager</serviceId>
        <SCPDURL>/ConnectionManager.xml</SCPDURL>
        <controlURL>/ctl/ConnectionManager</controlURL>
        <eventSubURL>/evt/ConnectionManager</eventSubURL>
      </service>
      @OPENHOME@
    </serviceList>
    <presentationURL>/presentation.html</presentationURL>
  </device>
</root>
