<?xml version="1.0" encoding="utf-8"?>
<scpd xmlns="urn:schemas-upnp-org:service-1-0">
  <specVersion>
    <major>1</major>
    <minor>1</minor>
  </specVersion>
  <actionList>
    <action>
      <name>Manufacturer</name>
      <argumentList>
        <argument>
          <name>Name</name>
          <direction>out</direction>
          <relatedStateVariable>ManufacturerName</relatedStateVariable>
        </argument>
        <argument>
          <name>Info</name>
          <direction>out</direction>
          <relatedStateVariable>ManufacturerInfo</relatedStateVariable>
        </argument>
        <argument>
          <name>Url</name>
          <direction>out</direction>
          <relatedStateVariable>ManufacturerUrl</relatedStateVariable>
        </argument>
        <argument>
          <name>ImageUri</name>
          <direction>out</direction>
          <relatedStateVariable>ManufacturerImageUri</relatedStateVariable>
        </argument>
      </argumentList>
    </action>
    <action>
      <name>Model</name>
      <argumentList>
        <argument>
          <name>Name</name>
          <direction>out</direction>
          <relatedStateVariable>ModelName</relatedStateVariable>
        </argument>
        <argument>
          <name>Info</name>
          <direction>out</direction>
          <relatedStateVariable>ModelInfo</relatedStateVariable>
        </argument>
        <argument>
          <name>Url</name>
          <direction>out</direction>
          <relatedStateVariable>ModelUrl</relatedStateVariable>
        </argument>
        <argument>
          <name>ImageUri</name>
          <direction>out</direction>
          <relatedStateVariable>ModelImageUri</relatedStateVariable>
        </argument>
      </argumentList>
    </action>
    <action>
      <name>Product</name>
      <argumentList>
        <argument>
          <name>Room</name>
          <direction>out</direction>
          <relatedStateVariable>ProductRoom</relatedStateVariable>
        </argument>
        <argument>
          <name>Name</name>
          <direction>out</direction>
          <relatedStateVariable>ProductName</relatedStateVariable>
        </argument>
        <argument>
          <name>Info</name>
          <direction>out</direction>
          <relatedStateVariable>ProductInfo</relatedStateVariable>
        </argument>
        <argument>
          <name>Url</name>
          <direction>out</direction>
          <relatedStateVariable>ProductUrl</relatedStateVariable>
        </argument>
        <argument>
          <name>ImageUri</name>
          <direction>out</direction>
          <relatedStateVariable>ProductImageUri</relatedStateVariable>
        </argument>
      </argumentList>
    </action>
    <action>
      <name>Standby</name>
      <argumentList>
        <argument>
          <name>Value</name>
          <direction>out</direction>
          <relatedStateVariable>Standby</relatedStateVariable>
        </argument>
      </argumentList>
    </action>
    <action>
      <name>SetStandby</name>
      <argumentList>
        <argument>
          <name>Value</name>
          <direction>in</direction>
          <relatedStateVariable>Standby</relatedStateVariable>
        </argument>
      </argumentList>
    </action>
    <action>
      <name>SourceCount</name>
      <argumentList>
        <argument>
          <name>Value</name>
          <direction>out</direction>
          <relatedStateVariable>SourceCount</relatedStateVariable>
        </argument>
      </argumentList>
    </action>
    <action>
      <name>SourceXml</name>
      <argumentList>
        <argument>
          <name>Value</name>
          <direction>out</direction>
          <relatedStateVariable>SourceXml</relatedStateVariable>
        </argument>
      </argumentList>
    </action>
    <action>
      <name>SourceIndex</name>
      <argumentList>
        <argument>
          <name>Value</name>
          <direction>out</direction>
          <relatedStateVariable>SourceIndex</relatedStateVariable>
        </argument>
      </argumentList>
    </action>
    <action>
      <name>SetSourceIndex</name>
      <argumentList>
        <argument>
          <name>Value</name>
          <direction>in</direction>
          <relatedStateVariable>SourceIndex</relatedStateVariable>
        </argument>
      </argumentList>
    </action>
    <action>
      <name>SetSourceIndexByName</name>
      <argumentList>
        <argument>
          <name>Value</name>
          <direction>in</direction>
          <relatedStateVariable>A_ARG_TYPE_SetSourceIndexByName_Value</relatedStateVariable>
        </argument>
      </argumentList>
    </action>
    <action>
      <name>Source</name>
      <argumentList>
        <argument>
          <name>Index</name>
          <direction>in</direction>
          <relatedStateVariable>SourceIndex</relatedStateVariable>
        </argument>
        <argument>
          <name>SystemName</name>
          <direction>out</direction>
          <relatedStateVariable>A_ARG_TYPE_Source_SystemName</relatedStateVariable>
        </argument>
        <argument>
          <name>Type</name>
          <direction>out</direction>
          <relatedStateVariable>A_ARG_TYPE_Source_Type</relatedStateVariable>
        </argument>
        <argument>
          <name>Name</name>
          <direction>out</direction>
          <relatedStateVariable>A_ARG_TYPE_Source_Name</relatedStateVariable>
        </argument>
        <argument>
          <name>Visible</name>
          <direction>out</direction>
          <relatedStateVariable>A_ARG_TYPE_Source_Visible</relatedStateVariable>
        </argument>
      </argumentList>
    </action>
    <action>
      <name>Attributes</name>
      <argumentList>
        <argument>
          <name>Value</name>
          <direction>out</direction>
          <relatedStateVariable>Attributes</relatedStateVariable>
        </argument>
      </argumentList>
    </action>
    <action>
      <name>SourceXmlChangeCount</name>
      <argumentList>
        <argument>
          <name>Value</name>
          <direction>out</direction>
          <relatedStateVariable>A_ARG_TYPE_SourceXmlChangeCount_Value</relatedStateVariable>
        </argument>
      </argumentList>
    </action>
  </actionList>
  <serviceStateTable>
    <stateVariable sendEvents="yes">
      <name>Standby</name>
      <dataType>boolean</dataType>
    </stateVariable>
    <stateVariable sendEvents="yes">
      <name>Attributes</name>
      <dataType>string</dataType>
    </stateVariable>
    <stateVariable sendEvents="yes">
      <name>ManufacturerName</name>
      <dataType>string</dataType>
    </stateVariable>
    <stateVariable sendEvents="yes">
      <name>ManufacturerInfo</name>
      <dataType>string</dataType>
    </stateVariable>
    <stateVariable sendEvents="yes">
      <name>ManufacturerUrl</name>
      <dataType>string</dataType>
    </stateVariable>
    <stateVariable sendEvents="yes">
      <name>ManufacturerImageUri</name>
      <dataType>string</dataType>
    </stateVariable>
    <stateVariable sendEvents="yes">
      <name>ModelName</name>
      <dataType>string</dataType>
    </stateVariable>
    <stateVariable sendEvents="yes">
      <name>ModelInfo</name>
      <dataType>string</dataType>
    </stateVariable>
    <stateVariable sendEvents="yes">
      <name>ModelUrl</name>
      <dataType>string</dataType>
    </stateVariable>
    <stateVariable sendEvents="yes">
      <name>ModelImageUri</name>
      <dataType>string</dataType>
    </stateVariable>
    <stateVariable sendEvents="yes">
      <name>ProductRoom</name>
      <dataType>string</dataType>
    </stateVariable>
    <stateVariable sendEvents="yes">
      <name>ProductName</name>
      <dataType>string</dataType>
    </stateVariable>
    <stateVariable sendEvents="yes">
      <name>ProductInfo</name>
      <dataType>string</dataType>
    </stateVariable>
    <stateVariable sendEvents="yes">
      <name>ProductUrl</name>
      <dataType>string</dataType>
    </stateVariable>
    <stateVariable sendEvents="yes">
      <name>ProductImageUri</name>
      <dataType>string</dataType>
    </stateVariable>
    <stateVariable sendEvents="yes">
      <name>SourceIndex</name>
      <dataType>ui4</dataType>
    </stateVariable>
    <stateVariable sendEvents="yes">
      <name>SourceCount</name>
      <dataType>ui4</dataType>
    </stateVariable>
    <stateVariable sendEvents="yes">
      <name>SourceXml</name>
      <dataType>string</dataType>
    </stateVariable>
    <stateVariable sendEvents="no">
      <name>A_ARG_TYPE_SetSourceIndexByName_Value</name>
      <dataType>string</dataType>
    </stateVariable>
    <stateVariable sendEvents="no">
      <name>A_ARG_TYPE_Source_SystemName</name>
      <dataType>string</dataType>
    </stateVariable>
    <stateVariable sendEvents="no">
      <name>A_ARG_TYPE_Source_Type</name>
      <dataType>string</dataType>
    </stateVariable>
    <stateVariable sendEvents="no">
      <name>A_ARG_TYPE_Source_Name</name>
      <dataType>string</dataType>
    </stateVariable>
    <stateVariable sendEvents="no">
      <name>A_ARG_TYPE_Source_Visible</name>
      <dataType>boolean</dataType>
    </stateVariable>
    <stateVariable sendEvents="no">
      <name>A_ARG_TYPE_SourceXmlChangeCount_Value</name>
      <dataType>ui4</dataType>
    </stateVariable>
  </serviceStateTable>
</scpd>
