<?xml version="1.0" encoding="utf-8"?>
<scpd xmlns="urn:schemas-upnp-org:service-1-0">
  <specVersion>
    <major>1</major>
    <minor>1</minor>
  </specVersion>
  <actionList>
    <action>
      <name>Characteristics</name>
      <argumentList>
        <argument>
          <name>VolumeMax</name>
          <direction>out</direction>
          <relatedStateVariable>VolumeMax</relatedStateVariable>
        </argument>
        <argument>
          <name>VolumeUnity</name>
          <direction>out</direction>
          <relatedStateVariable>VolumeUnity</relatedStateVariable>
        </argument>
        <argument>
          <name>VolumeSteps</name>
          <direction>out</direction>
          <relatedStateVariable>VolumeSteps</relatedStateVariable>
        </argument>
        <argument>
          <name>VolumeMilliDbPerStep</name>
          <direction>out</direction>
          <relatedStateVariable>VolumeMilliDbPerStep</relatedStateVariable>
        </argument>
        <argument>
          <name>BalanceMax</name>
          <direction>out</direction>
          <relatedStateVariable>BalanceMax</relatedStateVariable>
        </argument>
        <argument>
          <name>FadeMax</name>
          <direction>out</direction>
          <relatedStateVariable>FadeMax</relatedStateVariable>
        </argument>
      </argumentList>
    </action>
    <action>
      <name>SetVolume</name>
      <argumentList>
        <argument>
          <name>Value</name>
          <direction>in</direction>
          <relatedStateVariable>Volume</relatedStateVariable>
        </argument>
      </argumentList>
    </action>
    <action>
      <name>VolumeInc</name>
      <argumentList></argumentList>
    </action>
    <action>
      <name>VolumeDec</name>
      <argumentList></argumentList>
    </action>
    <action>
      <name>Volume</name>
      <argumentList>
        <argument>
          <name>Value</name>
          <direction>out</direction>
          <relatedStateVariable>Volume</relatedStateVariable>
        </argument>
      </argumentList>
    </action>
    <action>
      <name>SetMute</name>
      <argumentList>
        <argument>
          <name>Value</name>
          <direction>in</direction>
          <relatedStateVariable>Mute</relatedStateVariable>
        </argument>
      </argumentList>
    </action>
    <action>
      <name>Mute</name>
      <argumentList>
        <argument>
          <name>Value</name>
          <direction>out</direction>
          <relatedStateVariable>Mute</relatedStateVariable>
        </argument>
      </argumentList>
    </action>
    <action>
      <name>VolumeLimit</name>
      <argumentList>
        <argument>
          <name>Value</name>
          <direction>out</direction>
          <relatedStateVariable>VolumeLimit</relatedStateVariable>
        </argument>
      </argumentList>
    </action>
  </actionList>
  <serviceStateTable>
    <stateVariable sendEvents="yes">
      <name>Volume</name>
      <dataType>ui4</dataType>
    </stateVariable>
    <stateVariable sendEvents="yes">
      <name>Mute</name>
      <dataType>boolean</dataType>
    </stateVariable>
    <stateVariable sendEvents="yes">
      <name>Balance</name>
      <dataType>i4</dataType>
    </stateVariable>
    <stateVariable sendEvents="yes">
      <name>Fade</name>
      <dataType>i4</dataType>
    </stateVariable>
    <stateVariable sendEvents="yes">
      <name>VolumeLimit</name>
      <dataType>ui4</dataType>
    </stateVariable>
    <stateVariable sendEvents="yes">
      <name>VolumeMax</name>
      <dataType>ui4</dataType>
    </stateVariable>
    <stateVariable sendEvents="yes">
      <name>VolumeUnity</name>
      <dataType>ui4</dataType>
    </stateVariable>
    <stateVariable sendEvents="yes">
      <name>VolumeSteps</name>
      <dataType>ui4</dataType>
    </stateVariable>
    <stateVariable sendEvents="yes">
      <name>VolumeMilliDbPerStep</name>
      <dataType>ui4</dataType>
    </stateVariable>
    <stateVariable sendEvents="yes">
      <name>BalanceMax</name>
      <dataType>ui4</dataType>
    </stateVariable>
    <stateVariable sendEvents="yes">
      <name>FadeMax</name>
      <dataType>ui4</dataType>
    </stateVariable>
  </serviceStateTable>
</scpd>
